usproj_category,usproj_sector,usproj_source,usproj_subsource,region,gas,unit,1990,1991,1992,1993,1994,1995,1996,1997,1998,1999,2000,2001,2002,2003,2004,2005,2006,2007,2008,2009,2010,2011,2012,2013,2014,2015,2016,2017,2018,2019,2020,2021,2022,2023,2024,2025,2026,2027,2028,2029,2030,2031,2032,2033,2034,2035,2036,2037,2038,2039,2040,2041,2042,2043,2044,2045,2046,2047,2048,2049,2050
AbandonedMines,Energy,OtherEnergy,OtherEnergy,USA,CH4,MMTCO2e,7.2,7.35,7.93,8.2,9.68,9.8,10.08,9,8.22,8.3,8.75,7.98,7.32,7.15,6.9,6.6,6.53,6.35,6.32,6.35,6.58,6.43,6.23,6.23,6.32,6.4,6.7,6.43,6.18,5.93,5.8,5.6,5.62,5.57,5.51,5.46,5.4,5.35,5.29,5.24,5.19,5.13,5.08,5.03,4.98,4.93,4.88,4.83,4.78,4.73,4.69,4.64,4.59,4.55,4.5,4.46,4.41,4.37,4.32,4.28,4.24
AbandonedWells,Energy,OtherEnergy,OtherEnergy,USA,CH4,MMTCO2e,6.98,7.03,7.08,7.12,7.15,7.2,7.23,7.25,7.28,7.28,7.3,7.32,7.35,7.35,7.35,7.35,7.35,7.38,7.38,7.4,7.4,7.4,7.43,7.43,7.45,7.48,7.48,7.53,7.53,7.55,7.58,7.65,7.58,7.64,7.66,7.68,7.7,7.72,7.74,7.76,7.78,7.8,7.82,7.84,7.86,7.88,7.9,7.92,7.94,7.96,7.98,8,8.02,8.04,8.06,8.08,8.1,8.12,8.14,8.16,8.18
AbandonedWells,Energy,OtherEnergy,OtherEnergy,USA,CO2,MMTCO2e,0.01,0.01,0.01,0.01,0.01,0.01,0.01,0.01,0.01,0.01,0.01,0.01,0.01,0.01,0.01,0.01,0.01,0.01,0.01,0.01,0.01,0.01,0.01,0.01,0.01,0.01,0.01,0.01,0.01,0.01,0.01,0.01,0.01,0.01,0.01,0.01,0.01,0.01,0.01,0.01,0.01,0.01,0.01,0.01,0.01,0.01,0.01,0.01,0.01,0.01,0.01,0.01,0.01,0.01,0.01,0.01,0.01,0.01,0.01,0.01,0.01
Adipic,IPPU,Adipic,Adipic,USA,N2O,MMTCO2e,12.22,12.22,12.52,12.52,13.41,13.41,14.01,14.3,14.3,13.71,13.41,10.73,11.62,11.03,11.03,11.32,11.03,13.11,11.32,9.54,11.62,11.03,10.43,10.73,11.03,11.62,10.13,9.24,9.54,10.13,9.24,8.94,9.83,9.72,9.72,9.72,9.72,9.72,9.72,9.72,9.72,9.72,9.72,9.72,9.72,9.72,9.72,9.72,9.72,9.72,9.72,9.72,9.72,9.72,9.72,9.72,9.72,9.72,9.72,9.72,9.72
AgSoils,Agriculture,AgSoils,AgSoils,USA,N2O,MMTCO2e,288.6,279.89,274.94,290.49,293.34,289.13,299.64,288.42,289.46,291.52,283.8,296.41,298.87,300.08,303.94,297.79,295.86,305.3,300.91,300.26,304.11,304.12,291.22,325.22,331.59,318.37,308.48,314.53,331.87,313.14,295.34,298,0,0,0,0,0,0,0,0,0,0,0,0,0,0,0,0,0,0,0,0,0,0,0,0,0,0,0,0,0
Aluminum,IPPU,Aluminum,Aluminum,USA,CO2,MMTCO2e,6.8,6.9,6.8,6.2,5.5,5.7,6,6,6.2,6.3,6.1,4.4,4.5,4.5,4.2,4.1,3.8,4.3,4.5,3,2.7,3.3,3.4,3.3,2.8,2.8,1.3,1.2,1.5,1.9,1.7,1.5,1.4,1.4,1.4,1.4,1.4,1.4,1.4,1.4,1.4,1.4,1.4,1.4,1.4,1.4,1.4,1.4,1.4,1.4,1.4,1.4,1.4,1.4,1.4,1.4,1.4,1.4,1.4,1.4,1.4
Aluminum,IPPU,Aluminum,Aluminum,USA,PFCs,MMTCO2e,19.3,16.3,15,14.4,12.7,12.4,13,11.3,9,8.8,8.9,3.6,5.5,3.9,3,3.1,2.7,4.2,3,1.9,1.8,3.2,2.8,2.8,2.4,1.9,1.3,1,1.4,1.4,1.4,0.9,0.8,0.8,0.8,0.8,0.8,0.8,0.8,0.8,0.8,0.8,0.8,0.8,0.8,0.8,0.8,0.8,0.8,0.8,0.8,0.8,0.8,0.8,0.8,0.8,0.8,0.8,0.8,0.8,0.8
Ammonia,IPPU,Ammonia,Ammonia,USA,CO2,MMTCO2e,14.4,14.66,15.13,14.55,15.56,14.88,15.22,15.41,15.65,14.3,13.38,10.29,11.65,9.85,10.62,10.23,9.77,10.26,9.43,9.29,9.82,8.97,9.97,9.94,10.56,10.11,10.2,12.48,12.67,12.4,13.01,12.19,12.61,13.46,13.8,14.13,14.46,14.79,15.13,15.46,15.79,16.12,16.46,16.79,17.12,17.45,17.79,18.12,18.45,18.78,19.12,19.45,19.78,20.12,20.45,20.78,21.11,21.45,21.78,22.11,22.44
BiomassBiofuels,Energy,BiomassBiofuels,BiomassBiofuels,USA,CO2,MMTCO2e,237.95,235.38,247.89,242.1,249.28,254.03,258.43,251.52,232.76,235.29,242.24,218.22,219.38,224.65,240.19,245.42,252.27,259.98,272.92,269.13,305.69,312.74,305.85,331.66,339.11,333.47,332.67,328.89,335.97,333.06,295.7,303.01,305.42,305.37,305.33,305.29,305.25,305.2,305.16,305.12,305.07,305.03,304.99,304.95,304.9,304.86,304.82,304.77,304.73,304.69,304.65,304.6,304.56,304.52,304.48,304.43,304.39,304.35,304.3,304.26,304.22
Bunkers,Energy,Bunkers,Bunkers,USA,CH4,MMTCO2e,0.18,0.18,0.15,0.12,0.12,0.12,0.12,0.12,0.15,0.12,0.1,0.1,0.1,0.1,0.12,0.12,0.12,0.12,0.15,0.12,0.15,0.12,0.1,0.08,0.08,0.1,0.1,0.1,0.1,0.1,0.08,0.08,0.08,0.07,0.07,0.07,0.07,0.06,0.06,0.06,0.06,0.06,0.06,0.05,0.05,0.05,0.05,0.05,0.05,0.05,0.04,0.04,0.04,0.04,0.04,0.04,0.04,0.04,0.04,0.03,0.03
Bunkers,Energy,Bunkers,Bunkers,USA,CO2,MMTCO2e,103.63,117.74,108,97.97,96.81,98.61,99.86,107.06,110.59,102.83,101.89,93.89,94.6,98.48,108.61,113.33,114.27,115.46,114.46,106.51,117.1,111.75,105.89,99.84,103.49,110.98,116.68,120.19,124.28,113.63,69.64,80.18,98.24,118.12,122.29,123.43,123.17,124.09,124.09,124.29,124.65,125.3,126.11,126.9,127.5,128.12,128.9,129.78,130.81,131.78,133.39,134.87,136.07,137.23,138.14,139.18,140.52,141.62,142.65,143.54,144.48
Bunkers,Energy,Bunkers,Bunkers,USA,N2O,MMTCO2e,0.89,0.89,0.89,0.89,0.89,0.89,0.89,0.89,0.89,0.89,0.89,0.89,0.89,0.89,0.89,0.89,0.89,0.89,0.89,0.89,0.89,0.89,0.89,0.89,0.89,0.89,0.89,1.19,1.19,0.89,0.6,0.6,0.89,0.8,0.78,0.76,0.75,0.73,0.72,0.7,0.68,0.67,0.65,0.63,0.62,0.6,0.59,0.57,0.55,0.54,0.52,0.5,0.49,0.47,0.46,0.44,0.42,0.41,0.39,0.37,0.36
CO2Cons,IPPU,CO2Cons,CO2Cons,USA,CO2,MMTCO2e,1.47,1.47,1.46,1.47,1.48,1.48,1.49,1.48,1.48,1.48,1.48,0.89,1.05,1.36,1.26,1.38,1.76,1.92,1.83,1.79,4.42,4.08,4.02,4.19,4.47,4.94,4.64,4.58,4.13,4.87,4.97,4.99,5,5.11,5.19,5.27,5.35,5.43,5.51,5.6,5.68,5.76,5.84,5.92,6,6.08,6.17,6.25,6.33,6.41,6.49,6.57,6.65,6.74,6.82,6.9,6.98,7.06,7.14,7.22,7.31
CaproGlyAcid,IPPU,CaproGlyAcid,CaproGlyAcid,USA,N2O,MMTCO2e,1.79,1.49,1.79,1.79,1.79,2.09,1.79,2.09,2.09,2.09,2.09,1.79,2.09,2.09,2.09,2.09,2.09,2.09,2.09,2.09,2.38,2.38,2.09,2.09,2.09,1.79,1.79,1.49,1.49,1.49,1.19,1.49,1.49,1.44,1.39,1.35,1.3,1.26,1.22,1.18,1.14,1.1,1.06,1.03,1,0.96,0.93,0.9,0.87,0.84,0.81,0.79,0.76,0.74,0.71,0.69,0.66,0.64,0.62,0.6,0.58
Carbide,IPPU,Carbide,Carbide,USA,CH4,MMTCO2e,0.03,0,0.03,0,0.03,0,0,0,0,0,0,0,0,0,0,0,0,0,0,0,0,0,0,0,0,0,0,0,0,0,0,0,0,0,0,0,0,0,0,0,0,0,0,0,0,0,0,0,0,0,0,0,0,0,0,0,0,0,0,0,0
Carbide,IPPU,Carbide,Carbide,USA,CO2,MMTCO2e,0.24,0.16,0.18,0.16,0.19,0.2,0.22,0.24,0.26,0.19,0.2,0.17,0.18,0.2,0.22,0.21,0.2,0.19,0.17,0.14,0.18,0.17,0.15,0.16,0.17,0.18,0.17,0.18,0.18,0.18,0.15,0.17,0.21,0.21,0.21,0.21,0.21,0.21,0.21,0.21,0.21,0.21,0.21,0.21,0.21,0.21,0.21,0.21,0.21,0.21,0.21,0.21,0.21,0.21,0.21,0.21,0.21,0.21,0.21,0.21,0.21
CarbonateUse,IPPU,CarbonateUse,CarbonateUse,USA,CO2,MMTCO2e,7.1,6.47,6.39,6.04,6.35,8.25,8.85,8.58,8.74,9.52,6.68,6.89,7.21,5.8,7.66,8.47,9.53,8.75,7.44,9.31,11.25,10.35,9.47,11.43,13.14,12.69,11.36,10.44,7.94,8.97,9.01,8.58,10.38,8.67,8.4,8.12,7.85,7.58,7.3,7.03,6.76,6.48,6.21,5.94,5.66,5.39,5.12,4.84,4.57,4.3,4.03,3.75,3.48,3.21,2.93,2.66,2.39,2.11,1.84,1.57,1.29
Cement,IPPU,Cement,Cement,USA,CO2,MMTCO2e,33.5,32.7,33,34.8,36.3,37.1,37.3,38.6,39.5,40.2,41.4,41.6,43.2,43.3,45.9,46.2,46.9,45.5,41.4,29.6,31.4,32.2,35.3,36.4,39.4,39.9,39.4,40.3,39,40.9,40.7,41.3,41.9,46.42,45.82,46.42,47.33,47.63,48.23,48.83,49.44,50.04,50.34,50.64,50.94,51.85,52.45,53.05,53.35,53.96,54.56,55.16,55.77,56.07,56.67,57.57,58.18,58.78,59.38,59.68,60.29
CoalMining,Energy,CoalMining,CoalMining,USA,CH4,MMTCO2e,96.5,93.38,90.7,77.28,77.6,76.4,75.95,75.42,75.73,71.2,68.25,68,63.8,63.98,65.28,63.8,65.17,64.78,75.65,79.85,82.15,71.15,65.15,64.62,64.58,61.2,53.85,54.8,52.75,47.3,41.2,39.88,38.95,38.14,42.46,41.15,39.83,37.42,32.74,27.89,24.35,21.31,20.57,20.25,20.03,19.45,18.29,17.75,17.7,17.5,17.16,18.41,18.39,18.17,17.33,16.75,15.99,16.57,16.62,16.61,16.67
CoalMining,Energy,CoalMining,CoalMining,USA,CO2,MMTCO2e,4.6,4.4,4.4,3.9,4.4,4.4,4.5,4.6,4.6,4.4,4.2,4.3,4,4,4.1,4.2,4.1,4,4.1,3.8,3.9,3.9,3.9,3.8,4,3.5,2.9,3.2,3.1,3,2.2,2.5,2.5,2.39,2.29,2.19,2.09,2,1.91,1.83,1.75,1.68,1.6,1.53,1.47,1.4,1.34,1.28,1.23,1.17,1.12,1.07,1.03,0.98,0.94,0.9,0.86,0.82,0.79,0.75,0.72
Compost,Waste,Compost,Compost,USA,CH4,MMTCO2e,0.38,0.43,0.5,0.62,0.78,0.88,1,1.1,1.2,1.33,1.5,1.5,1.53,1.73,1.85,1.88,1.88,1.98,2,1.88,1.83,1.88,1.93,2.02,2.1,2.12,2.28,2.45,2.25,2.28,2.3,2.3,2.3,2.42,2.46,2.49,2.53,2.56,2.6,2.63,2.67,2.7,2.74,2.77,2.81,2.84,2.88,2.91,2.95,2.98,3.02,3.05,3.09,3.12,3.16,3.19,3.23,3.26,3.3,3.33,3.37
Compost,Waste,Compost,Compost,USA,N2O,MMTCO2e,0.3,0.3,0.3,0.6,0.6,0.89,0.89,0.89,1.19,1.19,1.19,1.49,1.49,1.49,1.79,1.79,1.79,1.79,1.79,1.79,1.49,1.79,1.79,1.79,1.79,1.79,2.09,2.09,2.09,2.09,2.09,2.09,2.09,2.21,2.24,2.28,2.32,2.36,2.39,2.43,2.47,2.51,2.55,2.58,2.62,2.66,2.7,2.74,2.77,2.81,2.85,2.89,2.93,2.96,3,3.04,3.08,3.12,3.15,3.19,3.23
CroplandConvertCarbonStock,LULUCF,Cropland,CroplandConvertCarbonStock,USA,CO2,MMTCO2e,45.4,46.6,43.2,40.7,40.7,42.7,40.4,40.7,38.5,40.9,37.4,36,35.7,35.8,34.6,34.5,32.4,33.6,30.3,30.9,32.3,29.6,32,33.5,32,33.3,34.1,33.2,31.9,31.4,29.3,34.9,35.1,NA,NA,NA,NA,NA,NA,NA,NA,NA,NA,NA,NA,NA,NA,NA,NA,NA,NA,NA,NA,NA,NA,NA,NA,NA,NA,NA,NA
CroplandRemainCarbonStock,LULUCF,Cropland,CroplandRemainCarbonStock,USA,CO2,MMTCO2e,-5,-18.6,-26.7,-13.6,-21.5,-18.2,-38.2,-35,-30.4,-32.2,-38,-35.8,-38.1,-29,-33.7,-31.6,-28.3,-27,-33.8,-15.6,-19.9,-38.5,-27.1,-16,-22.4,-24,-22.5,-18.8,-17.8,-19.4,-8.8,-32,-31.7,NA,NA,NA,NA,NA,NA,NA,NA,NA,NA,NA,NA,NA,NA,NA,NA,NA,NA,NA,NA,NA,NA,NA,NA,NA,NA,NA,NA
EPS,IPPU,EPS,EPS,USA,PFCs,MMTCO2e,0,0,0,0,0,0,0,0,0,0,0,0,0,0,0,0,0,0,0,0,0,0,0,0,0,0,0,0,0,0,0,0,0,0,0,0,0,0,0,0,0,0,0,0,0,0,0,0,0,0,0,0,0,0,0,0,0,0,0,0,0
EPS,IPPU,EPS,EPS,USA,SF6,MMTCO2e,24.7,23.6,23.6,22.8,21.5,19.8,18.1,16.6,14.1,14.5,14,13.7,13,12.5,12.2,11.8,11,10.2,10.2,9,7.8,7.1,6.1,5.9,6,5.3,5.4,5.3,5,6.1,5.9,6,5.1,5.01,4.92,4.83,4.75,4.66,4.58,4.5,4.42,4.34,4.26,4.19,4.11,4.04,3.97,3.9,3.83,3.76,3.69,3.63,3.56,3.5,3.44,3.38,3.32,3.26,3.2,3.14,3.09
Electronics,IPPU,Electronics,Electronics,USA,HFCs,MMTCO2e,0.2,0.2,0.2,0.2,0.2,0.3,0.3,0.4,0.5,0.5,0.3,0.2,0.2,0.2,0.2,0.2,0.2,0.2,0.2,0.2,0.2,0.2,0.3,0.2,0.3,0.3,0.3,0.3,0.3,0.3,0.3,0.4,0.3,0.35,0.35,0.36,0.36,0.37,0.37,0.38,0.39,0.39,0.4,0.41,0.41,0.42,0.43,0.43,0.44,0.45,0.46,0.46,0.47,0.48,0.49,0.49,0.5,0.51,0.52,0.53,0.53
Electronics,IPPU,Electronics,Electronics,USA,N2O,MMTCO2e,0,0,0,0,0,0.1,0.1,0.1,0.1,0.1,0.1,0.1,0.1,0.1,0.1,0.1,0.2,0.2,0.2,0.1,0.1,0.2,0.2,0.2,0.2,0.2,0.2,0.2,0.2,0.2,0.3,0.3,0.3,0.32,0.33,0.35,0.36,0.38,0.4,0.41,0.43,0.44,0.46,0.47,0.49,0.51,0.52,0.54,0.55,0.57,0.59,0.6,0.62,0.63,0.65,0.67,0.68,0.7,0.71,0.73,0.75
Electronics,IPPU,Electronics,Electronics,USA,NF3,MMTCO2e,0,0,0,0.1,0.1,0.1,0.1,0.1,0.1,0.1,0.2,0.2,0.5,0.5,0.5,0.4,0.6,0.5,0.5,0.4,0.4,0.5,0.5,0.5,0.5,0.5,0.5,0.5,0.5,0.5,0.6,0.6,0.6,0.61,0.62,0.64,0.65,0.67,0.68,0.7,0.72,0.73,0.75,0.77,0.79,0.8,0.82,0.84,0.86,0.88,0.9,0.92,0.94,0.96,0.98,1,1.02,1.04,1.06,1.09,1.11
Electronics,IPPU,Electronics,Electronics,USA,PFCs,MMTCO2e,2.5,2.5,2.5,3.2,3.5,4.4,4.9,5.2,6.3,6.4,5.5,3.9,3.8,3.5,3.2,3,3.2,3,2.7,1.9,2.5,3.4,3,2.7,2.8,2.8,2.7,2.7,2.9,2.6,2.5,2.6,2.7,2.74,2.75,2.77,2.79,2.82,2.85,2.88,2.92,2.96,3,3.04,3.09,3.14,3.19,3.25,3.3,3.36,3.42,3.48,3.54,3.61,3.67,3.74,3.81,3.88,3.95,4.02,4.09
Electronics,IPPU,Electronics,Electronics,USA,SF6,MMTCO2e,0.5,0.5,0.5,0.6,0.7,0.9,1,1,1.3,1.3,1,0.7,0.6,0.8,0.7,0.8,0.8,0.6,0.6,0.4,0.6,0.7,0.7,0.7,0.8,0.8,0.9,0.7,0.8,0.8,0.8,0.9,0.8,0.67,0.67,0.66,0.65,0.65,0.64,0.63,0.62,0.62,0.61,0.6,0.59,0.59,0.58,0.57,0.57,0.56,0.55,0.54,0.54,0.53,0.52,0.52,0.51,0.5,0.5,0.49,0.48
Enteric,Agriculture,Enteric,Enteric,USA,CH4,MMTCO2e,163.48,163.7,168.45,170.88,173.95,177.85,176.78,173.35,171.45,171.6,169.83,168.8,169.1,169.2,166.05,168.05,170.83,173.68,173.02,172.1,170.4,168.18,166,164.88,162.98,165.98,171.33,174.95,175.7,176.12,175.25,175.43,171.95,167.62,164.55,166.88,169.88,173.45,176.41,177.93,178.68,178.8,178.44,177.89,178.98,180.07,181.15,182.24,183.33,184.42,185.51,186.6,187.69,188.78,189.87,190.96,192.05,193.14,194.23,195.32,196.41
FFCCom,Energy,FFC,FFCCom,USA,CO2,MMTCO2e,228.3,232.7,228,223,224.7,227.8,237.6,237.8,220.1,220.7,236.5,228.5,229,240.1,238,227.1,211.8,223.1,227.5,227.7,224.3,224.6,200.4,224.3,232.6,244.8,231.9,232.4,246.3,251.7,229.3,237.5,258.7,NA,NA,NA,NA,NA,NA,NA,NA,NA,NA,NA,NA,NA,NA,NA,NA,NA,NA,NA,NA,NA,NA,NA,NA,NA,NA,NA,NA
FFCElec,Energy,FFC,FFCElec,USA,CO2,MMTCO2e,1820,1817.4,1830.7,1906.2,1930.5,1947.2,2020.2,2087.5,2176.6,2189.7,2296.2,2257.2,2272.2,2303.7,2335.1,2400.1,2344.4,2411.1,2359.3,2145.3,2258.6,2158.1,2023.3,2038.3,2037.2,1900.6,1808.9,1732,1753.4,1606.7,1439.6,1540.9,1531.7,NA,NA,NA,NA,NA,NA,NA,NA,NA,NA,NA,NA,NA,NA,NA,NA,NA,NA,NA,NA,NA,NA,NA,NA,NA,NA,NA,NA
FFCInd,Energy,FFC,FFCInd,USA,CO2,MMTCO2e,876.5,866.7,889.1,891.2,890.8,907.5,926.7,921.8,905.6,863.6,887.2,866.6,858,852.4,877.4,847.6,868.4,858.6,825,751.9,791.1,793.4,793.9,825.8,820.8,793,788.3,780.4,810.5,809.8,762,780.5,801.1,NA,NA,NA,NA,NA,NA,NA,NA,NA,NA,NA,NA,NA,NA,NA,NA,NA,NA,NA,NA,NA,NA,NA,NA,NA,NA,NA,NA
FFCRes,Energy,FFC,FFCRes,USA,CO2,MMTCO2e,338.6,347.7,354,366.1,357,353.1,383.5,365,331.6,350.9,371.7,363.1,361.1,380.1,369.1,358.9,321.7,341.2,347.9,335.9,334.5,326.3,282.5,329.3,346.7,317.6,293.2,294,338.9,342.9,314.8,318,334.1,NA,NA,NA,NA,NA,NA,NA,NA,NA,NA,NA,NA,NA,NA,NA,NA,NA,NA,NA,NA,NA,NA,NA,NA,NA,NA,NA,NA
FFCTrans,Transportation,FFC,FFCTrans,USA,CO2,MMTCO2e,1468.9,1422.3,1477.6,1508.6,1553.9,1580.7,1627.4,1643.5,1678.9,1746.3,1792.2,1762.5,1803,1812,1845.2,1858.6,1859.1,1860.7,1759.7,1688.5,1696.6,1670.4,1659.4,1669,1707.3,1718.4,1757.9,1780.3,1813.1,1816.6,1572.8,1753.5,1751.3,NA,NA,NA,NA,NA,NA,NA,NA,NA,NA,NA,NA,NA,NA,NA,NA,NA,NA,NA,NA,NA,NA,NA,NA,NA,NA,NA,NA
FFCUST,Energy,FFC,FFCUST,USA,CO2,MMTCO2e,20,19.2,21.9,22.6,24.7,21.5,19.8,20.1,19.4,15.5,37,49.7,45.2,50.4,52.9,51.9,51.3,46.6,38.5,39,34.5,34.1,33,28.1,28.3,28.5,26.2,25.9,25.9,24.8,23.3,23.8,22.6,22.03,21.62,21.2,20.63,19.9,19.18,18.46,17.55,16.93,16.43,16.13,15.84,15.53,15.32,15.13,14.97,14.86,14.6,14.58,14.33,14.29,14.23,14.21,14.22,14.26,14.24,14.21,14.21
Ferroalloy,IPPU,Ferroalloy,Ferroalloy,USA,CH4,MMTCO2e,0.03,0.03,0.03,0.03,0.03,0.03,0.03,0.03,0.03,0.03,0.03,0,0,0,0,0,0,0,0,0,0,0,0.03,0,0.03,0.03,0.03,0.03,0.03,0,0,0,0,0,0,0,0,0,0,0,0,0,0,0,0,0,0,0,0,0,0,0,0,0,0,0,0,0,0,0,0
Ferroalloy,IPPU,Ferroalloy,Ferroalloy,USA,CO2,MMTCO2e,2.15,1.93,1.96,1.9,2.02,2.04,2.13,2.23,2.22,2.18,1.89,1.46,1.35,1.3,1.42,1.39,1.51,1.55,1.6,1.47,1.66,1.74,1.9,1.79,2.01,1.96,1.8,1.98,2.06,1.6,1.38,1.57,1.33,1.33,1.33,1.33,1.33,1.33,1.33,1.33,1.33,1.33,1.33,1.33,1.33,1.33,1.33,1.33,1.33,1.33,1.33,1.33,1.33,1.33,1.33,1.33,1.33,1.33,1.33,1.33,1.33
FieldBurn,Agriculture,FieldBurn,FieldBurn,USA,CH4,MMTCO2e,0.48,0.48,0.5,0.5,0.5,0.43,0.52,0.52,0.5,0.52,0.5,0.48,0.55,0.68,0.58,0.58,0.55,0.58,0.52,0.48,0.62,0.45,0.52,0.52,0.58,0.52,0.55,0.55,0.55,0.58,0.55,0.55,0.55,0.56,0.56,0.57,0.57,0.57,0.57,0.58,0.58,0.58,0.58,0.58,0.59,0.59,0.59,0.59,0.6,0.6,0.6,0.6,0.6,0.61,0.61,0.61,0.61,0.62,0.62,0.62,0.62
FieldBurn,Agriculture,FieldBurn,FieldBurn,USA,N2O,MMTCO2e,0.3,0.3,0.3,0.3,0.3,0.3,0.3,0.3,0.3,0.3,0.3,0.3,0.3,0.3,0.3,0.3,0.3,0.3,0.3,0.3,0.3,0.3,0.3,0.3,0.3,0.3,0.3,0.3,0.3,0.3,0.3,0.3,0.3,0.3,0.3,0.3,0.3,0.3,0.3,0.3,0.3,0.3,0.3,0.3,0.3,0.3,0.3,0.3,0.3,0.3,0.3,0.3,0.3,0.3,0.3,0.3,0.3,0.3,0.3,0.3,0.3
ForestLandConvertCarbonStock,LULUCF,ForestLand,ForestLandConvertCarbonStock,USA,CO2,MMTCO2e,-100.2,-100.1,-100,-100,-100,-100.1,-100.1,-100,-100.1,-100.1,-100.1,-100.1,-100.1,-100.1,-100.1,-100.2,-100.2,-100.2,-100.2,-100.2,-100.2,-100.2,-100.2,-100.3,-100.3,-100.3,-100.4,-100.4,-100.4,-100.3,-100.3,-100.3,-100.3,NA,NA,NA,NA,NA,NA,NA,NA,NA,NA,NA,NA,NA,NA,NA,NA,NA,NA,NA,NA,NA,NA,NA,NA,NA,NA,NA,NA
ForestLandDrainedOrg,LULUCF,ForestLand,ForestLandDrainedOrg,USA,CH4,MMTCO2e,0,0,0,0,0,0,0,0,0,0,0,0,0,0,0,0,0,0,0,0,0,0,0,0,0,0,0,0,0,0,0,0,0,NA,NA,NA,NA,NA,NA,NA,NA,NA,NA,NA,NA,NA,NA,NA,NA,NA,NA,NA,NA,NA,NA,NA,NA,NA,NA,NA,NA
ForestLandDrainedOrg,LULUCF,ForestLand,ForestLandDrainedOrg,USA,N2O,MMTCO2e,0.1,0.1,0.1,0.1,0.1,0.1,0.1,0.1,0.1,0.1,0.1,0.1,0.1,0.1,0.1,0.1,0.1,0.1,0.1,0.1,0.1,0.1,0.1,0.1,0.1,0.1,0.1,0.1,0.1,0.1,0.1,0.1,0.1,NA,NA,NA,NA,NA,NA,NA,NA,NA,NA,NA,NA,NA,NA,NA,NA,NA,NA,NA,NA,NA,NA,NA,NA,NA,NA,NA,NA
ForestLandFires,LULUCF,ForestLand,ForestLandFires,USA,CH4,MMTCO2e,3.4,2.5,0.8,1.1,2.9,0.6,2,0.3,1.1,2.9,6.1,2.2,8.8,5.9,14.1,9.2,4.8,7.5,4.3,6.4,1.8,3.8,5.6,6.5,2.4,14.3,2.4,7.9,6,3.4,9.8,12.7,9.1,9.58,24.87,6.92,17.11,5.93,10.04,9.52,6.69,8.3,5.83,9.37,12.26,7.84,10.08,9.43,18.76,9.62,14.78,14.76,14.75,14.73,14.72,14.7,14.68,14.67,14.65,14.64,14.62
ForestLandFires,LULUCF,ForestLand,ForestLandFires,USA,N2O,MMTCO2e,2.4,2,0.5,0.7,1.8,0.4,1.3,0.2,0.7,2,3.6,1.4,5.6,3.5,9.7,6.3,3,4.6,2.6,4.4,1.3,2.7,3.4,4.1,1.6,9.1,1.6,4.6,3.7,2.3,5.5,7.2,5.7,6.32,16.4,4.56,11.28,3.91,6.62,6.28,4.41,5.47,3.84,6.18,8.08,5.17,6.65,6.22,12.37,6.35,9.74,9.73,9.72,9.71,9.7,9.69,9.68,9.67,9.66,9.65,9.64
ForestLandRemainCarbonStock,LULUCF,ForestLand,ForestLandRemainCarbonStock,USA,CO2,MMTCO2e,-974.8,-976.3,-979.2,-974.8,-968,-958.7,-959.7,-956.7,-952.7,-939.5,-918.6,-925.5,-883.2,-917.4,-829.8,-876,-905.6,-876.2,-855.7,-819.1,-855.7,-867.9,-866.8,-851.5,-879.4,-786.9,-886.1,-887.9,-873.5,-813.2,-862,-844.2,-787,NA,NA,NA,NA,NA,NA,NA,NA,NA,NA,NA,NA,NA,NA,NA,NA,NA,NA,NA,NA,NA,NA,NA,NA,NA,NA,NA,NA
ForestLandSoils,LULUCF,ForestLand,ForestLandSoils,USA,N2O,MMTCO2e,0.1,0.1,0.1,0.1,0.2,0.2,0.3,0.4,0.4,0.5,0.5,0.5,0.5,0.5,0.4,0.4,0.4,0.4,0.4,0.4,0.4,0.4,0.4,0.4,0.4,0.4,0.4,0.4,0.4,0.4,0.4,0.4,0.4,NA,NA,NA,NA,NA,NA,NA,NA,NA,NA,NA,NA,NA,NA,NA,NA,NA,NA,NA,NA,NA,NA,NA,NA,NA,NA,NA,NA
Glass,IPPU,Glass,Glass,USA,CO2,MMTCO2e,2.26,2.15,2.24,2.27,2.34,2.33,2.37,2.47,2.53,2.57,2.54,2.42,2.43,2.39,2.42,2.4,2.4,2.3,2.2,1.9,2.06,2.06,2.02,2.02,2.01,2.01,2.12,1.98,1.99,1.94,1.86,1.97,1.96,1.96,1.89,1.92,1.83,1.69,1.55,1.43,1.26,1.18,1.12,1.1,1.08,1.06,1.04,1.04,1.04,1.06,1.04,1.04,1.04,1.04,1.04,1.06,1.06,1.08,1.08,1.08,1.08
GrasslandConvertCarbonStock,LULUCF,Grassland,GrasslandConvertCarbonStock,USA,CO2,MMTCO2e,35.3,34.8,34.3,32.5,30.1,30.3,28.7,28.3,24.6,25.3,22.1,21.7,21.3,21.5,21,21.8,20.5,21.6,21.4,23.1,22.7,22.8,20.9,22.1,24,21.2,23.7,23.8,25.2,25.4,28.7,24.5,25.6,NA,NA,NA,NA,NA,NA,NA,NA,NA,NA,NA,NA,NA,NA,NA,NA,NA,NA,NA,NA,NA,NA,NA,NA,NA,NA,NA,NA
GrasslandFires,LULUCF,Grassland,GrasslandFires,USA,CH4,MMTCO2e,0.1,0.1,0.2,0.1,0.3,0.2,0.5,0.1,0.2,0.5,0.5,0.2,0.2,0.2,0.1,0.4,0.8,0.6,0.4,0.4,0.2,0.9,0.7,0.2,0.4,0.4,0.5,0.8,0.6,0.2,0.6,0.5,0.3,NA,NA,NA,NA,NA,NA,NA,NA,NA,NA,NA,NA,NA,NA,NA,NA,NA,NA,NA,NA,NA,NA,NA,NA,NA,NA,NA,NA
GrasslandFires,LULUCF,Grassland,GrasslandFires,USA,N2O,MMTCO2e,0.1,0.1,0.1,0.1,0.3,0.1,0.4,0.1,0.2,0.4,0.4,0.2,0.2,0.2,0.1,0.4,0.7,0.5,0.3,0.4,0.2,0.8,0.6,0.2,0.4,0.4,0.5,0.7,0.5,0.1,0.5,0.4,0.3,NA,NA,NA,NA,NA,NA,NA,NA,NA,NA,NA,NA,NA,NA,NA,NA,NA,NA,NA,NA,NA,NA,NA,NA,NA,NA,NA,NA
GrasslandRemainCarbonStock,LULUCF,Grassland,GrasslandRemainCarbonStock,USA,CO2,MMTCO2e,24.4,27.1,23.5,23.4,7,19.1,9.5,31.3,16.7,27.7,-1.6,15.4,18.8,16.2,19.2,24.1,8.5,23.7,10.3,13.3,27.4,12.1,10.3,25.4,29.7,24.8,42.5,28.8,28.6,28.5,16.1,10.6,13.4,NA,NA,NA,NA,NA,NA,NA,NA,NA,NA,NA,NA,NA,NA,NA,NA,NA,NA,NA,NA,NA,NA,NA,NA,NA,NA,NA,NA
HCFC22,IPPU,HCFC22,HCFC22,USA,HFCs,MMTCO2e,44.4,44.4,44.4,44.4,44.4,44.4,44.4,44.4,44.4,44.4,29.6,29.6,29.6,14.8,14.8,14.8,14.8,14.8,14.8,0,14.8,14.8,0,0,0,0,0,0,0,0,0,0,0,0.2,0.2,0.2,0.2,0.19,0.2,0.2,0.2,0.2,0.2,0.2,0.2,0.2,0.2,0.2,0.2,0.2,0.2,0.2,0.2,0.2,0.2,0.2,0.2,0.2,0.2,0.2,0.2
IronSteelMetCoke,IPPU,IronSteelMetCoke,IronSteelMetCoke,USA,CH4,MMTCO2e,0,0,0,0,0,0,0,0,0,0,0,0,0,0,0,0,0,0,0,0,0,0,0,0,0,0,0,0,0,0,0,0,0,0,0,0,0,0,0,0,0,0,0,0,0,0,0,0,0,0,0,0,0,0,0,0,0,0,0,0,0
IronSteelMetCoke,IPPU,IronSteelMetCoke,IronSteelMetCoke,USA,CO2,MMTCO2e,104.7,95.2,96,91.6,94.5,98.4,96.4,97.6,91.1,89,90.5,79.8,75.8,72.7,72.2,70.1,72.8,74.5,69.9,45.1,58.6,63,57.3,55.2,58.2,47.9,43.6,40.8,42.9,43.1,37.7,41.9,40.7,40.67,40.47,28.58,27.76,27.18,26.31,25.44,24.17,23.3,22.89,22.51,22.1,21.69,21.36,26.81,27.05,27.18,27.3,27.59,27.88,28.09,28.04,28.21,28.5,28.83,28.62,28.21,28.17
Landfills,Waste,Landfills,Landfills,USA,CH4,MMTCO2e,176.58,178.88,178.58,176.6,176.33,171.7,168.33,158.95,149.48,142.88,139.65,135.38,134.08,136.45,134.12,131.88,129.68,127.5,125.35,123.2,124.1,115.78,117.28,113.95,113.75,112.53,108.98,110.35,112.8,114.88,110.78,108.98,106.93,114.06,114.38,114.65,115.02,115.37,115.8,116.26,116.68,117.16,117.62,118.06,118.5,118.95,119.42,119.91,120.42,120.94,121.44,121.5,121.59,121.66,121.69,121.71,121.79,121.83,121.86,121.92,122.03
Lead,IPPU,Lead,Lead,USA,CO2,MMTCO2e,0.52,0.48,0.49,0.49,0.51,0.55,0.56,0.58,0.59,0.59,0.59,0.56,0.56,0.57,0.55,0.55,0.56,0.56,0.55,0.52,0.54,0.54,0.53,0.55,0.48,0.47,0.5,0.51,0.53,0.53,0.45,0.44,0.43,0.42,0.41,0.4,0.39,0.39,0.38,0.37,0.36,0.35,0.35,0.34,0.33,0.33,0.32,0.31,0.31,0.3,0.29,0.29,0.28,0.28,0.27,0.27,0.26,0.25,0.25,0.24,0.24
LimeProd,IPPU,LimeProd,LimeProd,USA,CO2,MMTCO2e,11.7,11.54,11.93,12.28,12.74,13.54,14.24,14.5,14.79,14.43,14.28,13.72,13.17,13.91,14.61,14.55,15.24,14.72,14.51,11.41,13.38,13.98,13.79,14.03,14.21,13.34,12.63,12.88,13.11,12.11,11.3,11.87,12.21,12.21,11.84,10.16,9.73,8.89,7.84,8.79,7.79,8,7.52,7.47,7.05,6.95,7.16,9.63,9.37,9.1,9.95,10.63,10.58,10.73,10.79,10.84,10.89,10.95,11,11.05,11.05
Liming,Agriculture,Liming,Liming,USA,CO2,MMTCO2e,4.69,5.01,4.44,3.8,4.14,4.39,4.36,4.29,4.78,4.49,4.37,4.48,5.03,4.59,3.83,4.35,4.22,4.46,5.03,3.67,4.78,3.87,5.97,3.91,3.59,3.74,3.02,3.07,2.24,2.2,2.89,2.39,3.27,3.08,2.9,2.73,2.57,2.42,2.28,2.14,2.02,1.9,1.79,1.68,1.59,1.49,1.41,1.32,1.25,1.17,1.1,1.04,0.98,0.92,0.87,0.82,0.77,0.72,0.68,0.64,0.6
Magnesium,IPPU,Magnesium,Magnesium,USA,CO2,MMTCO2e,0.13,0.13,0.13,0.13,0.14,0.15,0.15,0.15,0.15,0.15,0.15,0.11,0,0,0,0,0,0,0,0,0,0,0,0,0,0,0,0,0,0,0,0,0,0,0,0,0,0,0,0,0,0,0,0,0,0,0,0,0,0,0,0,0,0,0,0,0,0,0,0,0
Magnesium,IPPU,Magnesium,Magnesium,USA,HFCs,MMTCO2e,0,0,0,0,0,0,0,0,0,0,0,0,0,0,0,0,0,0,0,0,0,0,0,0.1,0.1,0.1,0.1,0.1,0.1,0.1,0.1,0,0,0,0,0,0,0,0,0,0,0,0,0,0,0,0,0,0,0,0,0,0,0,0,0,0,0,0,0,0
Magnesium,IPPU,Magnesium,Magnesium,USA,SF6,MMTCO2e,5.6,5.3,5.5,5.6,5.5,5.7,6.7,6.4,5.8,5.1,3.1,3,3,3.5,2.9,3,3,2.7,2,1.2,1.4,1.8,1.5,1.3,1,1,1.2,1,1.1,0.9,0.9,1.2,1.1,1.1,1.1,1.1,1.1,1.1,1.1,1.1,1.1,1.1,1.1,1.1,1.1,1.1,1.1,1.1,1.1,1.1,1.1,1.1,1.1,1.1,1.1,1.1,1.1,1.1,1.1,1.1,1.1
Manure,Agriculture,Manure,Manure,USA,CH4,MMTCO2e,34.95,36.58,35.2,36.9,39.55,40.8,40.03,41.9,45.3,45.38,45.58,47,47.78,48.08,46.5,49.1,49.18,53.68,51.93,50.85,52.78,53.25,55.2,52.95,52.55,56.15,58.1,58.58,60.45,59.55,59.75,59.33,57.8,57.59,56.92,56.85,57.25,57.75,58.22,58.61,58.91,59.06,59.17,59.27,59.43,59.59,59.75,59.91,60.07,60.23,60.38,60.54,60.69,60.85,61,61.15,61.3,61.45,61.6,61.75,61.9
Manure,Agriculture,Manure,Manure,USA,N2O,MMTCO2e,14.9,15.2,15.2,14.9,15.79,16.09,16.09,16.09,16.39,16.99,17.28,17.28,17.58,17.58,16.99,16.99,17.88,17.88,17.58,17.28,17.28,17.28,17.58,17.28,17.28,17.58,18.18,18.48,18.77,18.77,19.07,19.37,19.07,18.6,18.44,18.64,18.93,19.26,19.55,19.75,19.89,19.99,20.06,20.12,20.28,20.43,20.59,20.74,20.9,21.05,21.21,21.36,21.52,21.67,21.83,21.99,22.14,22.3,22.46,22.61,22.77
MobileComb,Transportation,MobileComb,MobileComb,USA,CH4,MMTCO2e,7.2,7,7.1,7,7,6.9,6.8,6.6,6.4,5.8,5.5,5.2,5,4.7,4.6,4.3,4.2,4.1,3.8,3.6,3.6,3.6,3.4,3.3,3.1,3.1,3,2.9,2.8,2.9,2.5,2.6,2.6,2.17,2.18,2.18,2.19,2.2,2.2,2.21,2.22,2.23,2.25,2.26,2.27,2.29,2.31,2.33,2.35,2.37,2.39,2.41,2.43,2.45,2.48,2.5,2.53,2.55,2.58,2.61,2.63
MobileComb,Transportation,MobileComb,MobileComb,USA,N2O,MMTCO2e,38.4,39.9,42.3,44.1,46,47.7,49,50.2,50.9,49,48.3,46.4,44.9,43.2,41.1,37,37.4,34.5,31.9,30.3,29.3,28.2,26.2,24.5,22.6,20.8,19.8,18.7,17.7,19.1,16.1,16.8,16.7,15.55,15.23,14.91,14.76,14.61,14.46,14.31,14.16,14.1,14.05,14,13.94,13.89,13.91,13.92,13.94,13.96,13.97,14,14.02,14.05,14.07,14.1,14.14,14.17,14.21,14.24,14.28
N2OProdUse,IPPU,N2OProdUse,N2OProdUse,USA,N2O,MMTCO2e,4.17,4.17,3.87,4.47,4.47,4.47,4.47,4.77,4.77,4.77,4.77,4.77,4.17,4.17,4.17,4.17,4.17,4.17,4.17,4.17,4.17,4.17,4.17,4.17,4.17,4.17,4.17,4.17,4.17,4.17,4.17,4.17,4.17,4.17,4.17,4.17,4.17,4.17,4.17,4.17,4.17,4.17,4.17,4.17,4.17,4.17,4.17,4.17,4.17,4.17,4.17,4.17,4.17,4.17,4.17,4.17,4.17,4.17,4.17,4.17,4.17
NEU,Energy,NEU,NEU,USA,CO2,MMTCO2e,99.1,102.6,105.2,93.7,102.4,103.3,101.4,109,121.6,133.1,123.4,117.9,120.7,114.3,132.2,125,123.9,112.6,107.2,89.7,90.1,88.3,91.2,104.6,92.2,105.7,98.7,107.1,118.4,106.5,97.8,111.6,102.8,102.8,101.22,104.38,107.54,109.13,109.13,110.71,112.29,113.87,113.87,115.45,117.03,120.2,121.78,123.36,124.94,126.52,131.27,134.43,137.59,139.18,142.34,145.5,147.08,151.83,151.83,153.41,154.99
NGSys,Energy,NGSys,NGSys,USA,CH4,MMTCO2e,195.33,200.12,197.45,197.28,199.35,192.88,191.45,193.38,190.83,187.52,190.33,191.15,189.33,188.5,190.12,187.62,194.73,193.05,195.93,184.95,178.45,173.25,169.05,168.08,165.83,166.9,162.05,163.7,169.88,168.52,160.98,155.88,154.58,147.91,145.78,144.09,142.35,142.03,141.58,140.62,140.29,140.05,139.37,139.49,139.68,139.53,139.38,139.4,139.61,139.73,140.11,140.46,141.1,141.33,141.2,141.91,142.94,143.83,144.72,145.65,146.83
NGSys,Energy,NGSys,NGSys,USA,CO2,MMTCO2e,32.43,31.55,31.45,31.16,31.12,29.09,27.4,27.14,25,25.53,25.97,25.73,26.09,25.99,26.41,26.31,27.08,27.39,28.03,26.37,26.48,26.81,26.3,28.17,29.1,29.4,29.91,31.47,32.77,38.52,36.72,35.78,36.47,37.38,37.56,37.75,38.08,38.46,38.76,39.1,39.42,39.83,40.16,40.55,40.96,41.33,41.66,42.02,42.36,42.69,43.06,43.4,43.76,43.99,44.27,44.58,44.94,45.21,45.55,45.8,46.06
NGSys,Energy,NGSys,NGSys,USA,N2O,MMTCO2e,0.01,0.01,0.01,0.01,0.01,0.01,0.01,0.01,0.01,0.01,0.01,0.01,0.01,0.01,0.01,0.01,0.01,0.01,0.01,0.01,0.01,0.02,0.02,0.02,0.02,0.02,0.01,0.01,0.01,0.01,0.01,0.01,0.17,0.07,0.07,0.08,0.09,0.09,0.1,0.11,0.11,0.12,0.13,0.13,0.14,0.15,0.15,0.16,0.17,0.17,0.18,0.19,0.19,0.2,0.21,0.21,0.22,0.23,0.23,0.24,0.25
Nitric,IPPU,Nitric,Nitric,USA,N2O,MMTCO2e,12.22,12.22,12.52,12.52,13.41,13.41,14.01,14.3,14.3,13.71,13.41,10.73,11.62,11.03,11.03,11.32,11.03,13.11,11.32,9.54,11.62,11.03,10.43,10.73,11.03,11.62,10.13,9.24,9.54,10.13,9.24,8.94,9.83,9.82,9.78,9.7,9.65,9.61,9.6,9.59,9.61,9.61,9.59,9.57,9.52,9.47,9.42,9.37,9.33,9.29,9.26,9.19,9.08,8.94,8.77,8.57,8.37,8.18,7.99,7.81,7.63
ODSSubs,IPPU,ODSSubs,ODSSubs,USA,CO2,MMTCO2e,0,0,0,0,0,0,0,0,0,0,0,0,0,0,0,0,0,0,0,0,0,0,0,0,0,0,0,0,0,0,0,0,0,0,0,0,0,0,0,0,0,0,0,0,0,0,0,0,0,0,0,0,0,0,0,0,0,0,0,0,0
ODSSubs,IPPU,ODSSubs,ODSSubs,USA,HFCs,MMTCO2e,0.3,0.5,1.6,5.5,13.5,29.4,41.1,52.2,60.1,68.3,75.2,81.9,86.7,91.2,95,99.5,105.8,113.1,121.1,130.3,137.8,140.9,143.3,145.4,149.6,154.1,155.8,156.2,157.9,162.1,166.2,172.6,178.1,205.31,161.06,159.34,158.88,156.91,153.28,170.78,164.17,157.89,151.58,145.04,137.49,131.45,111.84,108.32,104.24,100.16,96.09,92.18,88.87,86.29,84.42,83.31,83.07,82.96,83,83.2,83.64
ODSSubs,IPPU,ODSSubs,ODSSubs,USA,PFCs,MMTCO2e,0,0,0,0,0,0,0,0,0,0,0,0,0,0,0,0,0,0,0,0,0,0,0,0,0,0,0,0,0,0,0,0,0,0.1,0.1,0.1,0.1,0.1,0.1,0.1,0.1,0.1,0.1,0.1,0.1,0.1,0.1,0.1,0.1,0.1,0.1,0.1,0.1,0.1,0.1,0.1,0.1,0.1,0.1,0.1,0.1
OtherFluoroProd,IPPU,OtherFluoroProd,OtherFluoroProd,USA,NF3,MMTCO2e,0.3,0.3,0.3,0.3,0.4,0.4,0.4,0.5,0.6,0.6,0.7,0.6,0.5,0.3,0.5,0.6,0.7,0.7,0.7,0.6,0.7,0.5,0.5,0.3,0.3,0.2,0.2,0.4,0.1,0.6,0.7,0.5,0.5,0.5,0.5,0.5,0.5,0.5,0.5,0.5,0.5,0.5,0.5,0.5,0.5,0.5,0.5,0.5,0.5,0.5,0.5,0.5,0.5,0.5,0.5,0.5,0.5,0.5,0.5,0.5,0.5
OtherFluoroProd,IPPU,OtherFluoroProd,OtherFluoroProd,USA,PFCs,MMTCO2e,17.5,17.9,18.3,18.6,19,19.5,20.6,21.7,22.8,23.9,14.1,10.9,7.8,12.9,5.1,4,3.5,2.6,2.6,2.1,2.2,2.1,2.1,2.3,1.8,1.9,1.6,1.5,2.9,3,2.5,2.6,3,3,3,3,3,3,3,3,3,3,3,3,3,3,3,3,3,3,3,3,3,3,3,3,3,3,3,3,3
OtherFluoroProd,IPPU,OtherFluoroProd,OtherFluoroProd,USA,SF6,MMTCO2e,5.8,6.2,6.5,6.8,7.1,7.5,7.4,7.3,7.2,7.1,7,5.5,3.9,3,3.5,3.3,3.3,2.6,2,1.3,0.7,0,0,0.1,0.1,0,0,0,0,0,0,0,0,0,0,0,0,0,0,0,0,0,0,0,0,0,0,0,0,0,0,0,0,0,0,0,0,0,0,0,0
PetSys,Energy,PetSys,PetSys,USA,CH4,MMTCO2e,44.12,44.33,43.65,43.98,43,43.25,44.93,45.65,43.98,41.95,43.03,43.48,42.88,43.9,44.48,43.08,46.93,46.48,49.23,44.78,46.28,48.62,47.33,56.15,57.88,55,45.73,54.28,52.7,46.62,47.6,43.43,35.38,29.26,29.8,29.95,30.13,30.13,30.13,29.99,29.97,29.61,29.48,29.34,29.01,28.88,28.35,28.02,27.5,27.19,27.1,26.81,26.74,26.66,26.38,26.17,26.27,26.2,25.94,25.68,25.62
PetSys,Energy,PetSys,PetSys,USA,CO2,MMTCO2e,9.59,9.64,9.42,9.34,9.37,9.71,9.98,10.25,10.06,9.44,9.51,9.49,9.5,9.65,9.91,10.21,10.44,10.6,11.56,11.77,13.97,16.52,20.77,24.46,29.28,30.79,21.37,23.43,34.78,45.5,28.94,24.14,21.97,22.97,23.48,23.61,23.83,23.9,23.97,23.96,23.96,23.76,23.71,23.67,23.46,23.41,23.07,22.84,22.49,22.3,22.29,22.12,22.12,22.11,21.94,21.5,21.55,21.51,21.34,21.18,21.15
PetSys,Energy,PetSys,PetSys,USA,N2O,MMTCO2e,0.01,0.01,0.01,0.01,0.01,0.01,0.01,0.02,0.02,0.01,0.01,0.01,0.01,0.01,0.01,0.01,0.01,0.01,0.02,0.02,0.02,0.02,0.02,0.02,0.03,0.03,0.02,0.04,0.04,0.04,0.02,0.02,0.05,0.04,0.04,0.05,0.05,0.05,0.05,0.05,0.05,0.06,0.06,0.06,0.06,0.06,0.06,0.07,0.07,0.07,0.07,0.07,0.07,0.08,0.08,0.08,0.08,0.08,0.08,0.09,0.09
Petrochem,IPPU,Petrochem,Petrochem,USA,CH4,MMTCO2e,0,0,0,0,0,0,0,0,0,0,0,0,0,0,0,0,0,0,0,0,0,0,0,0,0,0,0,0,0,0,0,0,0,0,0,0,0,0,0,0,0,0,0,0,0,0,0,0,0,0,0,0,0,0,0,0,0,0,0,0,0
Petrochem,IPPU,Petrochem,Petrochem,USA,CO2,MMTCO2e,20.08,21.44,22.16,22.66,24.57,25.82,26.8,28.04,28.44,29.97,29.54,26.25,27.24,27.06,29.51,26.88,27.32,27.75,24.44,23.48,26.96,26.05,26.09,25.89,25.63,27.19,26.78,27.33,27.2,28.48,27.93,30.66,28.79,29.77,30.15,30.54,30.92,31.31,31.69,32.08,32.47,32.85,33.24,33.62,34.01,34.39,34.78,35.17,35.55,35.94,36.32,36.71,37.09,37.48,37.86,38.25,38.64,39.02,39.41,39.79,40.18
Phosphoric,IPPU,Phosphoric,Phosphoric,USA,CO2,MMTCO2e,1.53,1.4,1.51,1.3,1.52,1.51,1.55,1.54,1.59,1.54,1.38,1.26,1.34,1.38,1.4,1.34,1.16,1.2,1.13,0.98,1.09,1.17,1.12,1.15,1.04,1,1,1.02,0.94,0.91,0.9,0.87,0.84,0.82,0.79,0.77,0.75,0.73,0.71,0.69,0.67,0.65,0.63,0.61,0.6,0.58,0.56,0.55,0.53,0.52,0.5,0.49,0.47,0.46,0.45,0.44,0.42,0.41,0.4,0.39,0.38
Rice,Agriculture,Rice,Rice,USA,CH4,MMTCO2e,33.85,34.93,33.97,34.2,32.42,34.17,35.24,31.91,36.49,33.92,40.06,33.96,38.34,31.98,31.49,36.76,32.06,32.94,29.36,34.91,38.4,34.56,31.56,32.29,31.38,34.98,35.53,29.87,35.56,27.91,33.2,16.32,16.85,20.93,20.23,20.24,20.24,20.24,20.24,20.24,20.24,20.24,20.24,20.24,20.63,21.02,21.41,21.8,22.19,22.58,22.97,23.36,23.75,24.14,24.53,24.92,25.31,25.7,26.09,26.48,26.87
SF6PFCProdUse,IPPU,SF6PFCProdUse,SF6PFCProdUse,USA,PFCs,MMTCO2e,0.1,0.1,0.1,0.1,0.1,0.1,0.1,0.1,0.1,0.1,0.1,0.1,0.1,0.1,0.1,0.1,0.1,0.1,0.1,0,0.2,0,0.1,0.2,0.1,0.2,0.1,0.2,0.2,0.2,0.2,0.1,0.2,0.2,0.2,0.2,0.2,0.2,0.2,0.2,0.2,0.2,0.2,0.2,0.2,0.2,0.2,0.2,0.2,0.2,0.2,0.2,0.2,0.2,0.2,0.2,0.2,0.2,0.2,0.2,0.2
SF6PFCProdUse,IPPU,SF6PFCProdUse,SF6PFCProdUse,USA,SF6,MMTCO2e,1.3,1.3,1.3,1.3,1.3,1.3,1.3,1.3,1.3,1.3,1.3,1.3,1.3,1.3,1.3,1.3,1.3,1.4,2.1,1.7,1.2,0.8,1,1.1,0.9,1.1,1.1,0.8,0.8,0.6,0.5,0.4,0.6,0.6,0.6,0.6,0.6,0.6,0.6,0.6,0.6,0.6,0.6,0.6,0.6,0.6,0.6,0.6,0.6,0.6,0.6,0.6,0.6,0.6,0.6,0.6,0.6,0.6,0.6,0.6,0.6
SettlementsConvertCarbonStock,LULUCF,Settlements,SettlementsConvertCarbonStock,USA,CO2,MMTCO2e,57.2,58.6,59.9,61.6,63.2,64.9,66.7,68.6,70.3,71.9,73.7,75.1,76.1,76.6,76.9,77.1,77.1,77.3,77.2,77,76.7,76.3,75.9,75.3,74.8,74,73,72.6,71.4,70.2,68.8,68.2,68.2,NA,NA,NA,NA,NA,NA,NA,NA,NA,NA,NA,NA,NA,NA,NA,NA,NA,NA,NA,NA,NA,NA,NA,NA,NA,NA,NA,NA
SettlementsRemainCarbonStock,LULUCF,Settlements,SettlementsRemainCarbonStock,USA,CO2,MMTCO2e,-111.2,-111.8,-109.9,-109,-107.3,-106.8,-107.9,-108.2,-109.9,-112.5,-113.8,-115.3,-114.4,-115.5,-117,-118.3,-119,-120.2,-123.4,-125.2,-125.7,-126.3,-126.2,-127.6,-128.6,-128.3,-127.9,-133.1,-133.5,-134,-134.3,-134.8,-134.8,NA,NA,NA,NA,NA,NA,NA,NA,NA,NA,NA,NA,NA,NA,NA,NA,NA,NA,NA,NA,NA,NA,NA,NA,NA,NA,NA,NA
SettlementsSoils,LULUCF,Settlements,SettlementsSoils,USA,N2O,MMTCO2e,2.1,2.1,2.3,2.5,2.5,2.5,2.6,2.5,2.1,2.2,2.6,2.6,2.3,2.4,3.1,3.1,3.2,3.2,3.2,3,2.3,2.5,2.3,2.4,2.4,2.3,2.3,2.4,2.4,2.5,2.5,2.5,2.5,NA,NA,NA,NA,NA,NA,NA,NA,NA,NA,NA,NA,NA,NA,NA,NA,NA,NA,NA,NA,NA,NA,NA,NA,NA,NA,NA,NA
SodaAsh,IPPU,SodaAsh,SodaAsh,USA,CO2,MMTCO2e,1.43,1.43,1.45,1.41,1.42,1.61,1.59,1.67,1.61,1.55,1.53,1.5,1.47,1.51,1.61,1.66,1.63,1.68,1.73,1.47,1.55,1.61,1.67,1.69,1.69,1.71,1.72,1.75,1.71,1.79,1.46,1.71,1.7,1.68,1.68,1.67,1.67,1.67,1.67,1.67,1.66,1.66,1.66,1.66,1.65,1.65,1.65,1.65,1.64,1.64,1.64,1.64,1.64,1.63,1.63,1.63,1.63,1.62,1.62,1.62,1.62
StandaloneDigesters,Waste,StandaloneDigesters,StandaloneDigesters,USA,CH4,MMTCO2e,0,0,0,0,0,0,0,0,0,0,0,0,0,0,0,0,0,0,0,0,0,0,0,0,0,0,0,0,0,0,0,0,0,0,0,0,0,0,0,0,0,0,0,0,0,0,0,0,0,0,0,0,0,0,0,0,0,0,0,0,0
StationaryComb,Energy,StationaryComb,StationaryComb,USA,CH4,MMTCO2e,9.7,9.8,10.2,9.5,9.3,9.3,9.6,8.7,8,8.2,8.6,8.1,8.2,8.5,8.7,8.8,8.2,8.7,8.9,8.9,9.5,9.3,8.4,9.7,9.9,9.5,8.8,8.6,9.6,9.8,8,8,8.6,0,0,0,0,0,0,0,0,0,0,0,0,0,0,0,0,0,0,0,0,0,0,0,0,0,0,0,0
StationaryComb,Energy,StationaryComb,StationaryComb,USA,N2O,MMTCO2e,22.3,22.3,22.5,23.2,23.6,23.8,24.4,24.8,25.2,25.2,26.5,26.2,27.2,28.3,29.4,30.5,30.3,30.6,30.3,28.1,30.4,29.2,26.9,29.1,29.3,27.1,26.7,25.3,25.1,22.2,20.5,22,24.7,0,0,0,0,0,0,0,0,0,0,0,0,0,0,0,0,0,0,0,0,0,0,0,0,0,0,0,0
TiO2,IPPU,TiO2,TiO2,USA,CO2,MMTCO2e,1.2,1.21,1.39,1.42,1.53,1.53,1.51,1.68,1.66,1.69,1.75,1.7,1.82,1.84,2.06,1.76,1.84,1.93,1.81,1.65,1.77,1.73,1.53,1.72,1.69,1.64,1.66,1.69,1.54,1.34,1.34,1.47,1.47,1.47,1.46,1.46,1.45,1.45,1.44,1.44,1.43,1.43,1.42,1.42,1.41,1.41,1.4,1.4,1.39,1.39,1.38,1.38,1.37,1.37,1.36,1.36,1.35,1.35,1.34,1.34,1.33
UreaConsNonAg,IPPU,UreaConsNonAg,UreaConsNonAg,USA,CO2,MMTCO2e,3.78,3.5,3.86,4.57,4.27,4.26,3.86,3.93,4.84,4.65,4.23,4.07,3.7,3.56,3.67,3.65,3.52,4.94,4.07,3.43,4.73,5.09,4.82,4.56,1.81,4.63,5.29,5.21,6.11,6.15,5.8,6.6,7.05,7.2,7.52,7.84,8.16,8.48,8.8,9.12,9.44,9.76,10.08,10.4,10.72,11.04,11.36,11.68,12,12.32,12.64,12.96,13.28,13.6,13.92,14.24,14.56,14.88,15.2,15.52,15.84
UreaFert,Agriculture,UreaFert,UreaFert,USA,CO2,MMTCO2e,2.42,2.31,2.45,2.64,2.68,2.66,2.59,2.69,2.95,3.02,3.21,3.41,3.57,3.68,3.65,3.5,3.66,3.76,3.61,3.56,3.78,4.1,4.28,4.44,4.51,4.68,4.72,4.82,4.94,5.03,5.13,5.23,5.33,5.44,5.54,5.64,5.74,5.84,5.94,6.05,6.15,6.25,6.35,6.45,6.55,6.65,6.75,6.86,6.96,7.06,7.16,7.26,7.36,7.46,7.57,7.67,7.77,7.87,7.97,8.07,8.17
WasteIncin,Energy,WasteIncin,WasteIncin,USA,CH4,MMTCO2e,0,0,0,0,0,0,0,0,0,0,0,0,0,0,0,0,0,0,0,0,0,0,0,0,0,0,0,0,0,0,0,0,0,0,0,0,0,0,0,0,0,0,0,0,0,0,0,0,0,0,0,0,0,0,0,0,0,0,0,0,0
WasteIncin,Energy,WasteIncin,WasteIncin,USA,CO2,MMTCO2e,12.9,11.17,12.99,12.97,14.04,14.33,14.51,13.73,12.79,12.32,13.03,13,13.03,13.17,13.25,13.25,14.34,14.24,13.91,13.46,12.82,12.74,13.39,14.13,14.06,14.17,14.36,13.16,13.34,12.95,12.92,12.48,12.36,12.36,12.36,12.47,12.47,12.47,12.47,12.47,12.58,12.58,12.58,12.58,12.69,12.69,12.8,12.8,12.8,12.91,12.91,12.91,13.02,13.02,13.02,13.13,13.13,13.13,13.24,13.24,13.24
WasteIncin,Energy,WasteIncin,WasteIncin,USA,N2O,MMTCO2e,0.6,0.3,0.3,0.3,0.3,0.3,0.3,0.3,0.3,0.3,0.3,0.3,0.3,0.3,0.3,0.3,0.3,0.3,0.3,0.3,0.3,0.3,0.3,0.3,0.3,0.3,0.3,0.3,0.3,0.3,0.3,0.3,0.3,0.3,0.3,0.3,0.3,0.3,0.3,0.3,0.3,0.3,0.3,0.3,0.3,0.3,0.3,0.3,0.3,0.3,0.3,0.3,0.3,0.3,0.3,0.3,0.3,0.3,0.3,0.3,0.3
Wastewater,Waste,Wastewater,Wastewater,USA,CH4,MMTCO2e,20.28,20.58,20.95,20.95,21.15,20.92,20.75,20.85,20.88,20.98,20.88,20.62,20.62,20.45,20.25,20.23,20.2,20.18,20.15,19.75,19.62,19.7,19.73,19.45,19.33,19.5,19.38,19.25,19.08,18.88,18.7,18.45,18.58,30.38,30.16,30.01,29.93,29.89,29.88,29.88,29.9,29.93,29.97,30,30.05,30.1,30.16,30.22,30.29,30.36,30.44,30.51,30.6,30.69,30.77,30.85,30.94,31.04,31.13,31.23,31.34
Wastewater,Waste,Wastewater,Wastewater,USA,N2O,MMTCO2e,16.69,16.99,17.28,17.58,18.18,18.18,18.48,18.48,19.07,19.67,19.97,19.67,19.97,20.26,20.26,20.26,20.86,20.86,20.56,20.56,20.86,21.16,21.75,22.05,22.05,22.35,22.65,23.24,23.84,24.14,25.03,24.73,24.73,48.11,48.24,48.37,48.51,48.64,48.77,48.91,49.04,49.18,49.31,49.45,49.58,49.72,49.85,49.99,50.12,50.26,50.39,50.53,50.67,50.8,50.94,51.08,51.21,51.35,51.49,51.63,51.76
WetlandsCoastal,LULUCF,Wetlands,WetlandsCoastal,USA,CH4,MMTCO2e,4.2,4.2,4.2,4.2,4.2,4.2,4.2,4.2,4.2,4.3,4.3,4.3,4.3,4.2,4.2,4.2,4.2,4.2,4.2,4.2,4.2,4.2,4.2,4.2,4.3,4.3,4.3,4.3,4.3,4.3,4.3,4.3,4.3,NA,NA,NA,NA,NA,NA,NA,NA,NA,NA,NA,NA,NA,NA,NA,NA,NA,NA,NA,NA,NA,NA,NA,NA,NA,NA,NA,NA
WetlandsCoastal,LULUCF,Wetlands,WetlandsCoastal,USA,N2O,MMTCO2e,0.1,0.1,0.1,0.1,0.1,0.1,0.1,0.2,0.2,0.2,0.2,0.2,0.2,0.2,0.2,0.2,0.2,0.2,0.2,0.1,0.2,0.1,0.1,0.1,0.1,0.1,0.1,0.1,0.1,0.1,0.1,0.1,0.1,NA,NA,NA,NA,NA,NA,NA,NA,NA,NA,NA,NA,NA,NA,NA,NA,NA,NA,NA,NA,NA,NA,NA,NA,NA,NA,NA,NA
WetlandsConvertCarbonStock,LULUCF,Wetlands,WetlandsConvertCarbonStock,USA,CO2,MMTCO2e,4.1,3.9,3.7,3.3,3,2.8,2.7,2.5,2.2,1.8,1.6,1.3,1.2,1.1,1.1,1.1,1,1,0.7,0.7,0.7,0.1,0.1,0.1,0.1,0.3,0.3,0.3,0.3,0.3,0.3,0.3,0.3,NA,NA,NA,NA,NA,NA,NA,NA,NA,NA,NA,NA,NA,NA,NA,NA,NA,NA,NA,NA,NA,NA,NA,NA,NA,NA,NA,NA
WetlandsConvertCoastal,LULUCF,Wetlands,WetlandsConvertCoastal,USA,CH4,MMTCO2e,0.3,0.3,0.3,0.3,0.3,0.3,0.3,0.3,0.3,0.3,0.3,0.3,0.3,0.3,0.3,0.3,0.3,0.3,0.3,0.3,0.3,0.3,0.3,0.3,0.2,0.2,0.2,0.2,0.2,0.2,0.2,0.2,0.2,NA,NA,NA,NA,NA,NA,NA,NA,NA,NA,NA,NA,NA,NA,NA,NA,NA,NA,NA,NA,NA,NA,NA,NA,NA,NA,NA,NA
WetlandsConvertFlooded,LULUCF,Wetlands,WetlandsConvertFlooded,USA,CH4,MMTCO2e,2.9,2.7,2.5,2.3,2.1,1.9,1.8,1.6,1.4,1,0.9,0.7,0.5,0.5,0.4,0.4,0.4,0.4,0.2,0.2,0.2,0.2,0.2,0.1,0.1,0.3,0.3,0.2,0.2,0.2,0.2,0.2,0.2,NA,NA,NA,NA,NA,NA,NA,NA,NA,NA,NA,NA,NA,NA,NA,NA,NA,NA,NA,NA,NA,NA,NA,NA,NA,NA,NA,NA
WetlandsFlooded,LULUCF,Wetlands,WetlandsFlooded,USA,CH4,MMTCO2e,42.3,42.4,42.5,42.7,42.8,42.9,43,43.1,43.3,43.5,43.6,43.8,43.9,43.9,43.9,44,44,44,44.1,44.1,44.1,44.2,44.2,44.2,44.2,44.2,44.2,44.2,44.2,44.2,44.2,44.2,44.2,NA,NA,NA,NA,NA,NA,NA,NA,NA,NA,NA,NA,NA,NA,NA,NA,NA,NA,NA,NA,NA,NA,NA,NA,NA,NA,NA,NA
WetlandsPeatlands,LULUCF,Wetlands,WetlandsPeatlands,USA,CH4,MMTCO2e,0,0,0,0,0,0,0,0,0,0,0,0,0,0,0,0,0,0,0,0,0,0,0,0,0,0,0,0,0,0,0,0,0,NA,NA,NA,NA,NA,NA,NA,NA,NA,NA,NA,NA,NA,NA,NA,NA,NA,NA,NA,NA,NA,NA,NA,NA,NA,NA,NA,NA
WetlandsPeatlands,LULUCF,Wetlands,WetlandsPeatlands,USA,N2O,MMTCO2e,0,0,0,0,0,0,0,0,0,0,0,0,0,0,0,0,0,0,0,0,0,0,0,0,0,0,0,0,0,0,0,0,0,NA,NA,NA,NA,NA,NA,NA,NA,NA,NA,NA,NA,NA,NA,NA,NA,NA,NA,NA,NA,NA,NA,NA,NA,NA,NA,NA,NA
WetlandsRemainCarbonStock,LULUCF,Wetlands,WetlandsRemainCarbonStock,USA,CO2,MMTCO2e,-9.8,-9.9,-9.9,-9.8,-9.9,-9.8,-9.9,-9.8,-9.7,-9.6,-9.6,-8.9,-9,-9.1,-8.9,-9,-0.3,0.1,0.1,0.2,0.2,-9.9,-10.3,-10.3,-10.3,-10.4,-10.4,-10.3,-10.5,-10.5,-10.5,-10.6,-10.6,NA,NA,NA,NA,NA,NA,NA,NA,NA,NA,NA,NA,NA,NA,NA,NA,NA,NA,NA,NA,NA,NA,NA,NA,NA,NA,NA,NA
Zinc,IPPU,Zinc,Zinc,USA,CO2,MMTCO2e,0.63,0.81,0.84,0.93,0.92,0.86,0.92,0.97,0.88,0.86,0.94,0.71,0.75,1.1,1.03,1.03,1.03,1.02,1.16,0.94,1.18,1.29,1.49,1.38,0.91,0.89,0.84,0.9,1,1.03,0.98,1.01,0.95,0.91,0.87,0.83,0.79,0.76,0.72,0.69,0.66,0.63,0.6,0.58,0.55,0.53,0.5,0.48,0.46,0.44,0.42,0.4,0.39,0.37,0.35,0.34,0.32,0.31,0.29,0.28,0.27
